model,MAE,RMSE,MAPE
SARIMAX,9.049901340465237,11.300499737388918,4.032646599341183
SARIMA,16.54982614135219,21.074969541146224,7.159667105333104
ARIMA,24.833384492685724,31.455691638369238,10.524721306114017
